Deal,URL HubSpot,Pipeline,Etapa,Executivo,Produto,Vidas,Colaboradores,1ª Fatura (R$),ARR Estimado (R$),Modelo,Agenciamento,Vitalício,Probabilidade (%),Quarter,Data Prevista,Dias no Pipe,Jun/26 Real (R$),Jul/26 Real (R$),Ago/26 Real (R$),Set/26 Real (R$),Out/26 Real (R$),Nov/26 Real (R$),Dez/26 Real (R$),Jan/27 Real (R$),Fev/27 Real (R$),Mar/27 Real (R$),Abr/27 Real (R$),Mai/27 Real (R$),Jun/27 Real (R$),Jul/27 Real (R$),Ago/27 Real (R$),Set/27 Real (R$),Out/27 Real (R$),Nov/27 Real (R$),Dez/27 Real (R$),Jan/28 Real (R$),Fev/28 Real (R$),Mar/28 Real (R$),Abr/28 Real (R$),Mai/28 Real (R$),Jun/26 Prob (R$),Jul/26 Prob (R$),Ago/26 Prob (R$),Set/26 Prob (R$),Out/26 Prob (R$),Nov/26 Prob (R$),Dez/26 Prob (R$),Jan/27 Prob (R$),Fev/27 Prob (R$),Mar/27 Prob (R$),Abr/27 Prob (R$),Mai/27 Prob (R$),Jun/27 Prob (R$),Jul/27 Prob (R$),Ago/27 Prob (R$),Set/27 Prob (R$),Out/27 Prob (R$),Nov/27 Prob (R$),Dez/27 Prob (R$),Jan/28 Prob (R$),Fev/28 Prob (R$),Mar/28 Prob (R$),Abr/28 Prob (R$),Mai/28 Prob (R$)
Cosan - Raízen,https://app.hubspot.com/contacts/44715285/deal/33627376683,Bid,Negociação,Ágatta Marinho,Saúde,81099,55000,255000,3060000,Fee por vida,Não,Não,70,Q4,01/10/2026,479,,,,,255000,255000,255000,255000,255000,255000,255000,255000,255000,255000,255000,255000,255000,255000,255000,255000,255000,255000,255000,255000,,,,,178500,178500,178500,178500,178500,178500,178500,178500,178500,178500,178500,178500,178500,178500,178500,178500,178500,178500,178500,178500
CPFL Energia,https://app.hubspot.com/contacts/44715285/deal/34036395042,Bid,Proposta Enviada,Guilherme Gabiatti,,40161,14545,321288,3855456,Fee por vida,Não,Não,20,Q4,02/11/2026,470,,,,,,321288,321288,321288,321288,321288,321288,321288,321288,321288,321288,321288,321288,321288,321288,321288,321288,321288,321288,321288,,,,,,64258,64258,64258,64258,64258,64258,64258,64258,64258,64258,64258,64258,64258,64258,64258,64258,64258,64258,64258
Frigorífico Santa Rosa de Leme,https://app.hubspot.com/contacts/44715285/deal/42558551865,Vendas,Ganho,Ágatta Marinho,Saúde,355,,71687.2,43012.32,Corretagem,Não,Sim,100,Q1,30/04/2026,295,3584,3584,3584,3584,3584,3584,3584,3584,3584,3584,3584,3584,3584,3584,3584,3584,3584,3584,3584,3584,3584,3584,,,3584,3584,3584,3584,3584,3584,3584,3584,3584,3584,3584,3584,3584,3584,3584,3584,3584,3584,3584,3584,3584,3584,,
UME,https://app.hubspot.com/contacts/44715285/deal/44193156436,Vendas,Ganho,Guilherme Gabiatti,,198,,142000,451560,Corretagem,Sim,Sim,100,Q1,01/05/2026,263,142000,142000,2840,2840,2840,2840,2840,2840,2840,2840,2840,2840,2840,2840,2840,2840,2840,2840,2840,2840,2840,2840,2840,,142000,142000,2840,2840,2840,2840,2840,2840,2840,2840,2840,2840,2840,2840,2840,2840,2840,2840,2840,2840,2840,2840,2840,
GALERIA.ag,https://app.hubspot.com/contacts/44715285/deal/44081340235,Vendas,Implantação,Juliana Dalberto,"Saúde;Odonto;Vida",782,782,1130936.02,678561.612,Corretagem,Não,Sim,77,Q2,31/10/2026,262,,,,,56547,56547,56547,56547,56547,56547,56547,56547,56547,56547,56547,56547,56547,56547,56547,56547,56547,56547,56547,56547,,,,,43541,43541,43541,43541,43541,43541,43541,43541,43541,43541,43541,43541,43541,43541,43541,43541,43541,43541,43541,43541
EPTV,https://app.hubspot.com/contacts/44715285/deal/44206909287,Vendas,Cotação,Guilherme Gabiatti,Gestão de saúde,1653,1100,800000,480000,Corretagem,Não,Não,10,Q3,31/10/2026,262,,,,,40000,40000,40000,40000,40000,40000,40000,40000,40000,40000,40000,40000,40000,40000,40000,40000,40000,40000,40000,40000,,,,,4000,4000,4000,4000,4000,4000,4000,4000,4000,4000,4000,4000,4000,4000,4000,4000,4000,4000,4000,4000
TotalPass Brasil,https://app.hubspot.com/contacts/44715285/deal/45491276332,Vendas,Negociação,Guilherme Gabiatti,Saúde,509,350,203000,304500,Corretagem,Sim,Sim,20,Q3,01/08/2026,246,,,192850,10150,10150,10150,10150,10150,10150,10150,10150,10150,10150,10150,10150,10150,10150,10150,10150,10150,10150,10150,10150,10150,,,38570,2030,2030,2030,2030,2030,2030,2030,2030,2030,2030,2030,2030,2030,2030,2030,2030,2030,2030,2030,2030,2030
WEG,https://app.hubspot.com/contacts/44715285/deal/45489233075,Bid,Negociação,Fausto Haderspeck,Gestão de saúde,38000,30000,265000,3180000,Fee por vida,Não,Não,50,Q2 2027,02/08/2027,246,,,,,,,,,,,,,,,265000,265000,265000,265000,265000,265000,265000,265000,265000,265000,,,,,,,,,,,,,,,132500,132500,132500,132500,132500,132500,132500,132500,132500,132500
NR,https://app.hubspot.com/contacts/44715285/deal/46637535036,Vendas,Consultoria,André Pontes,"Saúde;Odonto;Vida",974,467,70000,105000,Corretagem,Sim,Sim,5,Q3,30/09/2026,234,,,,66500,3500,3500,3500,3500,3500,3500,3500,3500,3500,3500,3500,3500,3500,3500,3500,3500,3500,3500,3500,3500,,,,3325,175,175,175,175,175,175,175,175,175,175,175,175,175,175,175,175,175,175,175,175
Lenovo / Motorola,https://app.hubspot.com/contacts/44715285/deal/48474146109,Vendas,Consultoria,Juliana Dalberto,Gestão de saúde,5250,2100,27006,324072,Fee por vida,Não,Não,10,Q1 2027,30/04/2027,218,,,,,,,,,,,27006,27006,27006,27006,27006,27006,27006,27006,27006,27006,27006,27006,27006,27006,,,,,,,,,,,2701,2701,2701,2701,2701,2701,2701,2701,2701,2701,2701,2701,2701,2701
SEGURA,https://app.hubspot.com/contacts/44715285/deal/50324205094,Vendas,Ganho,Ágatta Marinho,,18,,15000,47700,Corretagem,Sim,Sim,100,,27/02/2026,200,300,300,300,300,300,300,300,300,300,300,300,300,300,300,300,300,300,300,300,300,,,,,300,300,300,300,300,300,300,300,300,300,300,300,300,300,300,300,300,300,300,300,,,,
Deal4B - Soluções em Tecnologia,https://app.hubspot.com/contacts/44715285/deal/50551641685,Vendas,Implantação,Guilherme Gabiatti,Saúde,100,259,34000,108120,Corretagem,Sim,Sim,100,Q2,10/08/2026,197,,,34000,34000,34000,680,680,680,680,680,680,680,680,680,680,680,680,680,680,680,680,680,680,680,,,34000,34000,34000,680,680,680,680,680,680,680,680,680,680,680,680,680,680,680,680,680,680,680
CommShop,https://app.hubspot.com/contacts/44715285/deal/50435940691,Vendas,Cotação,Juliana Dalberto,"Gestão de saúde;Saúde",1237,1237,589292.76,883939.14,Corretagem,Sim,Sim,10,Q2 2027,30/06/2027,197,,,,,,,,,,,,,559828,29465,29465,29465,29465,29465,29465,29465,29465,29465,29465,29465,,,,,,,,,,,,,55983,2947,2947,2947,2947,2947,2947,2947,2947,2947,2947,2947
Rede Ápice,https://app.hubspot.com/contacts/44715285/deal/51249974156,Vendas,Consultoria,Fausto Haderspeck,Saúde,200,405,90000,135000,Corretagem,Sim,Sim,40,Q3,01/09/2026,190,,,,85500,4500,4500,4500,4500,4500,4500,4500,4500,4500,4500,4500,4500,4500,4500,4500,4500,4500,4500,4500,4500,,,,34200,1800,1800,1800,1800,1800,1800,1800,1800,1800,1800,1800,1800,1800,1800,1800,1800,1800,1800,1800,1800
Mococa S/A - Produtos Alimentícios,https://app.hubspot.com/contacts/44715285/deal/51317316724,Vendas,Cotação,Juliana Dalberto,"Saúde;Gestão de saúde",775,775,7750,93000,Fee por vida,Não,Não,5,Q2 2027,31/07/2027,186,,,,,,,,,,,,,,7750,7750,7750,7750,7750,7750,7750,7750,7750,7750,7750,,,,,,,,,,,,,,388,388,388,388,388,388,388,388,388,388,388
Wastebank,https://app.hubspot.com/contacts/44715285/deal/51340094845,Vendas,Implantação,Ágatta Marinho,Saúde,7,7,1717.33,5461.1094,Corretagem,Sim,Sim,100,Q2,30/06/2026,185,1717,1717,1717,34,34,34,34,34,34,34,34,34,34,34,34,34,34,34,34,34,34,34,34,34,1717,1717,1717,34,34,34,34,34,34,34,34,34,34,34,34,34,34,34,34,34,34,34,34,34
AstraZeneca,https://app.hubspot.com/contacts/44715285/deal/51515238912,Vendas,Negociação,Juliana Dalberto,Gestão de saúde,2750,1500,55000,660000,Fee por vida,Não,Não,20,Q1 2027,31/01/2027,183,,,,,,,,55000,55000,55000,55000,55000,55000,55000,55000,55000,55000,55000,55000,55000,55000,55000,55000,55000,,,,,,,,11000,11000,11000,11000,11000,11000,11000,11000,11000,11000,11000,11000,11000,11000,11000,11000,11000
Restaurante Comitê,https://app.hubspot.com/contacts/44715285/deal/52002389644,Vendas,Ganho,Ágatta Marinho,"Saúde;Odonto;Vida",5,,7482.57,23794.5726,Corretagem,Sim,Sim,100,,01/04/2026,177,7483,150,150,150,150,150,150,150,150,150,150,150,150,150,150,150,150,150,150,150,150,150,,,7483,150,150,150,150,150,150,150,150,150,150,150,150,150,150,150,150,150,150,150,150,150,,
Grupo Maringá,https://app.hubspot.com/contacts/44715285/deal/52091223109,Vendas,Negociação,André Pontes,"Saúde;Odonto;Gestão de saúde",5957,3000,54506,654072,Fee por vida,Não,Não,40,Q3,31/08/2026,175,,,54506,54506,54506,54506,54506,54506,54506,54506,54506,54506,54506,54506,54506,54506,54506,54506,54506,54506,54506,54506,54506,54506,,,21802,21802,21802,21802,21802,21802,21802,21802,21802,21802,21802,21802,21802,21802,21802,21802,21802,21802,21802,21802,21802,21802
The Link Brasil,https://app.hubspot.com/contacts/44715285/deal/53451042685,Vendas,Implantação,Juliana Dalberto,"Saúde;Odonto;Vida",19,36,12783.97,40653.0246,Corretagem,Sim,Sim,100,Q2,30/06/2026,155,12784,12784,12784,256,256,256,256,256,256,256,256,256,256,256,256,256,256,256,256,256,256,256,256,256,12784,12784,12784,256,256,256,256,256,256,256,256,256,256,256,256,256,256,256,256,256,256,256,256,256
Biolab Sanus Farmacêutica - RFI 2026,https://app.hubspot.com/contacts/44715285/deal/53700628104,Bid,Proposta Enviada,Juliana Dalberto,"Saúde;Gestão de saúde",10248,10248,97356,1168272,Fee por vida,Não,Não,5,Q1 2027,31/01/2027,151,,,,,,,,97356,97356,97356,97356,97356,97356,97356,97356,97356,97356,97356,97356,97356,97356,97356,97356,97356,,,,,,,,4868,4868,4868,4868,4868,4868,4868,4868,4868,4868,4868,4868,4868,4868,4868,4868,4868
JWA Technologies,https://app.hubspot.com/contacts/44715285/deal/54259471631,Vendas,Ganho,Ágatta Marinho,Saúde,2,,2354,7485.72,Corretagem,Sim,Não,100,Q1,01/05/2026,143,2354,2354,47,47,47,47,47,47,47,47,47,47,47,47,47,47,47,47,47,47,47,47,47,,2354,2354,47,47,47,47,47,47,47,47,47,47,47,47,47,47,47,47,47,47,47,47,47,
Ford Motor Company,https://app.hubspot.com/contacts/44715285/deal/54735735366,Bid,Proposta Enviada,Juliana Dalberto,"Gestão de saúde;Odonto;Saúde",4163,2300,42878,514536,Fee por vida,Não,Não,60,,,136,,,,,,,,,,,,,,,,,,,,,,,,,,,,,,,,,,,,,,,,,,,,,,,,
STRADA,https://app.hubspot.com/contacts/44715285/deal/54835611497,Vendas,Consultoria,André Pontes,Saúde,500,200,415000,249000,Corretagem,Não,Sim,20,Q2,30/11/2026,135,,,,,,20750,20750,20750,20750,20750,20750,20750,20750,20750,20750,20750,20750,20750,20750,20750,20750,20750,20750,20750,,,,,,4150,4150,4150,4150,4150,4150,4150,4150,4150,4150,4150,4150,4150,4150,4150,4150,4150,4150,4150
Yampi,https://app.hubspot.com/contacts/44715285/deal/54956187502,Vendas,Negociação,André Pontes,"Saúde;Odonto",68,102,35008.62,8402.0688,Corretagem,Não,Sim,70,Q3,31/08/2026,135,,,700,700,700,700,700,700,700,700,700,700,700,700,700,700,700,700,700,700,700,700,700,700,,,490,490,490,490,490,490,490,490,490,490,490,490,490,490,490,490,490,490,490,490,490,490
ISA ENERGIA BRASIL,https://app.hubspot.com/contacts/44715285/deal/55035045889,Vendas,Negociação,Rafael Leite,Gestão de saúde,4400,1500,48400,580800,Fee por vida,Não,Não,85,Q3,30/09/2026,134,,,,48400,48400,48400,48400,48400,48400,48400,48400,48400,48400,48400,48400,48400,48400,48400,48400,48400,48400,48400,48400,48400,,,,41140,41140,41140,41140,41140,41140,41140,41140,41140,41140,41140,41140,41140,41140,41140,41140,41140,41140,41140,41140,41140
TK Elevator,https://app.hubspot.com/contacts/44715285/deal/55200024894,Vendas,Negociação,Guilherme Gabiatti,Gestão de saúde,12000,12000,24000,288000,Fee por vida,Não,Não,5,Q3,31/08/2026,130,,,24000,24000,24000,24000,24000,24000,24000,24000,24000,24000,24000,24000,24000,24000,24000,24000,24000,24000,24000,24000,24000,24000,,,1200,1200,1200,1200,1200,1200,1200,1200,1200,1200,1200,1200,1200,1200,1200,1200,1200,1200,1200,1200,1200,1200
Minerva Foods,https://app.hubspot.com/contacts/44715285/deal/55679598428,Vendas,Cotação,André Pontes,Gestão de saúde,27000,27000,40000,480000,Fee por vida,Não,Não,15,Q4,29/01/2027,126,,,,,,,,40000,40000,40000,40000,40000,40000,40000,40000,40000,40000,40000,40000,40000,40000,40000,40000,40000,,,,,,,,6000,6000,6000,6000,6000,6000,6000,6000,6000,6000,6000,6000,6000,6000,6000,6000,6000
Agaxtur,https://app.hubspot.com/contacts/44715285/deal/56162810673,Vendas,Implantação,Rafael Leite,"Saúde;Odonto",96,155,46000,146280,Corretagem,Sim,Sim,100,Q2,01/07/2026,120,,46000,46000,46000,920,920,920,920,920,920,920,920,920,920,920,920,920,920,920,920,920,920,920,920,,46000,46000,46000,920,920,920,920,920,920,920,920,920,920,920,920,920,920,920,920,920,920,920,920
Arca,https://app.hubspot.com/contacts/44715285/deal/56645838108,Vendas,Ganho,Juliana Dalberto,Saúde,3,3,3189.16,10141.5288,Corretagem,Sim,Sim,100,,01/04/2026,113,3189,64,64,64,64,64,64,64,64,64,64,64,64,64,64,64,64,64,64,64,64,64,,,3189,64,64,64,64,64,64,64,64,64,64,64,64,64,64,64,64,64,64,64,64,64,,
PRISCILA FREIRE GARCIA CAVINATTI 27255683827,https://app.hubspot.com/contacts/44715285/deal/56709215363,Vendas,Implantação,Rafael Leite,Saúde,3,3,1921.47,6110.2746,Corretagem,Sim,Não,85,Q2,30/06/2026,112,1921,1921,1921,38,38,38,38,38,38,38,38,38,38,38,38,38,38,38,38,38,38,38,38,38,1633,1633,1633,32,32,32,32,32,32,32,32,32,32,32,32,32,32,32,32,32,32,32,32,32
Studio - Galeria,https://app.hubspot.com/contacts/44715285/deal/56770261794,Vendas,Implantação,Juliana Dalberto,"Odonto;Saúde;Vida",67,150,34699.59,110344.6962,Corretagem,Sim,Sim,100,Q2,30/06/2026,112,34700,34700,34700,694,694,694,694,694,694,694,694,694,694,694,694,694,694,694,694,694,694,694,694,694,34700,34700,34700,694,694,694,694,694,694,694,694,694,694,694,694,694,694,694,694,694,694,694,694,694
Grupo Recovery,https://app.hubspot.com/contacts/44715285/deal/57093521809,Vendas,Implantação,Rafael Leite,"Odonto;Saúde;Vida",381,355,440000,660000,Corretagem,Sim,Sim,85,Q3,30/09/2026,105,,,,418000,22000,22000,22000,22000,22000,22000,22000,22000,22000,22000,22000,22000,22000,22000,22000,22000,22000,22000,22000,22000,,,,355300,18700,18700,18700,18700,18700,18700,18700,18700,18700,18700,18700,18700,18700,18700,18700,18700,18700,18700,18700,18700
Schmidt Agrícola,https://app.hubspot.com/contacts/44715285/deal/57447731219,Vendas,Implantação,Ágatta Marinho,Gestão de saúde,280,280,80000,960000,Fee por vida,,,90,,30/09/2026,101,,,,80000,80000,80000,80000,80000,80000,80000,80000,80000,80000,80000,80000,80000,80000,80000,80000,80000,80000,80000,80000,80000,,,,72000,72000,72000,72000,72000,72000,72000,72000,72000,72000,72000,72000,72000,72000,72000,72000,72000,72000,72000,72000,72000
CBSI - Companhia Brasileira de Serviços de Infraestrutura,https://app.hubspot.com/contacts/44715285/deal/57553715563,Vendas,Consultoria,Fausto Haderspeck,"Gestão de saúde;Saúde",128,5374,48963,587556,Fee por vida,Não,Não,30,Q4,30/10/2026,100,,,,,48963,48963,48963,48963,48963,48963,48963,48963,48963,48963,48963,48963,48963,48963,48963,48963,48963,48963,48963,48963,,,,,14689,14689,14689,14689,14689,14689,14689,14689,14689,14689,14689,14689,14689,14689,14689,14689,14689,14689,14689,14689
APS - Grupo Cosan,https://app.hubspot.com/contacts/44715285/deal/57601622647,Bid,Proposta Enviada,Ágatta Marinho,Gestão de saúde,40000,55000,396672,4760064,Fee por vida,Não,Não,60,,,99,,,,,,,,,,,,,,,,,,,,,,,,,,,,,,,,,,,,,,,,,,,,,,,,
A Mansão Green,https://app.hubspot.com/contacts/44715285/deal/57668941205,Vendas,Negociação,Fausto Haderspeck,Saúde,98,128,26505,84285.9,Corretagem,Sim,Sim,75,Q3,30/09/2026,98,,,,26505,26505,26505,530,530,530,530,530,530,530,530,530,530,530,530,530,530,530,530,530,530,,,,19879,19879,19879,398,398,398,398,398,398,398,398,398,398,398,398,398,398,398,398,398,398
RSP SERVICOS ADMINISTRATIVOS,https://app.hubspot.com/contacts/44715285/deal/57865582975,Vendas,Implantação,Ágatta Marinho,Saúde,4,1,2431.89,7733.4102,Corretagem,Sim,Sim,100,Q2,30/06/2026,94,2432,2432,2432,49,49,49,49,49,49,49,49,49,49,49,49,49,49,49,49,49,49,49,49,49,2432,2432,2432,49,49,49,49,49,49,49,49,49,49,49,49,49,49,49,49,49,49,49,49,49
W OLIVEIRA SERVICOS ADMINISTRATIVOS LTDA,https://app.hubspot.com/contacts/44715285/deal/57856234593,Vendas,Cotação,Juliana Dalberto,Saúde,6,1,2684,8535.12,Corretagem,Sim,Sim,5,Q4,31/12/2026,93,,,,,,,2684,2684,2684,54,54,54,54,54,54,54,54,54,54,54,54,54,54,54,,,,,,,134,134,134,3,3,3,3,3,3,3,3,3,3,3,3,3,3,3
Tecnoclin Saude Ltda,https://app.hubspot.com/contacts/44715285/deal/58025380765,Vendas,Cotação,Guilherme Gabiatti,Gestão de saúde,8,8,5000,60000,Fee por vida,Não,Não,5,Q3,31/12/2026,87,,,,,,,5000,5000,5000,5000,5000,5000,5000,5000,5000,5000,5000,5000,5000,5000,5000,5000,5000,5000,,,,,,,250,250,250,250,250,250,250,250,250,250,250,250,250,250,250,250,250,250
Befly,https://app.hubspot.com/contacts/44715285/deal/58208818828,Vendas,Consultoria,Fausto Haderspeck,Gestão de saúde,3066,2113,30660,367920,Fee por vida,Não,Não,80,Q3,30/09/2026,84,,,,30660,30660,30660,30660,30660,30660,30660,30660,30660,30660,30660,30660,30660,30660,30660,30660,30660,30660,30660,30660,30660,,,,24528,24528,24528,24528,24528,24528,24528,24528,24528,24528,24528,24528,24528,24528,24528,24528,24528,24528,24528,24528,24528
CMotta Advogados,https://app.hubspot.com/contacts/44715285/deal/58295866225,Vendas,Implantação,Ágatta Marinho,Saúde,11,6,16404,52164.72,Corretagem,Sim,Sim,100,Q2,31/07/2026,80,,16404,16404,16404,328,328,328,328,328,328,328,328,328,328,328,328,328,328,328,328,328,328,328,328,,16404,16404,16404,328,328,328,328,328,328,328,328,328,328,328,328,328,328,328,328,328,328,328,328
PharmaInova,https://app.hubspot.com/contacts/44715285/deal/58295682842,Vendas,Implantação,Guilherme Gabiatti,"Saúde;Odonto",32,92,16000,50880,Corretagem,Sim,Sim,90,Q2,31/08/2026,80,,,16000,16000,16000,320,320,320,320,320,320,320,320,320,320,320,320,320,320,320,320,320,320,320,,,14400,14400,14400,288,288,288,288,288,288,288,288,288,288,288,288,288,288,288,288,288,288,288
Biomedical,https://app.hubspot.com/contacts/44715285/deal/58368999052,Vendas,Cotação,Guilherme Gabiatti,,169,45,,,Corretagem,Não,Sim,15,Q4,30/11/2026,79,,,,,,,,,,,,,,,,,,,,,,,,,,,,,,,,,,,,,,,,,,,,,,,,
Applause,https://app.hubspot.com/contacts/44715285/deal/58827771177,Vendas,Consultoria,André Pontes,Saúde,28,28,8510.99,27064.9482,Corretagem,Sim,Sim,35,Q3,30/09/2026,67,,,,8511,8511,8511,170,170,170,170,170,170,170,170,170,170,170,170,170,170,170,170,170,170,,,,2979,2979,2979,59,59,59,59,59,59,59,59,59,59,59,59,59,59,59,59,59,59
R L FERREIRA CONSULTORIA COMERCIAL LTDA,https://app.hubspot.com/contacts/44715285/deal/58986167402,Vendas,Ganho,Ágatta Marinho,,3,1,418.23,5018.76,Corretagem,,,100,Q2,01/05/2026,65,8,8,8,8,8,8,8,8,8,8,8,8,8,8,8,8,8,8,8,8,8,8,8,,8,8,8,8,8,8,8,8,8,8,8,8,8,8,8,8,8,8,8,8,8,8,8,
JP PRODUÇÕES CULTURAIS,https://app.hubspot.com/contacts/44715285/deal/59086364445,Vendas,Consultoria,Juliana Dalberto,"Odonto;Saúde;Vida",3,3,1934.24,6150.8832,Corretagem,Sim,Sim,30,Q2,30/06/2026,63,1934,1934,1934,39,39,39,39,39,39,39,39,39,39,39,39,39,39,39,39,39,39,39,39,39,580,580,580,12,12,12,12,12,12,12,12,12,12,12,12,12,12,12,12,12,12,12,12,12
Schmidt Agrícola,https://app.hubspot.com/contacts/44715285/deal/59153693440,Vendas,Cotação,Juliana Dalberto,Saúde,384,700,117843,176764.5,Corretagem,Sim,Sim,10,Q3,01/11/2026,60,,,,,,111951,5892,5892,5892,5892,5892,5892,5892,5892,5892,5892,5892,5892,5892,5892,5892,5892,5892,5892,,,,,,11195,589,589,589,589,589,589,589,589,589,589,589,589,589,589,589,589,589,589
Santos Brasil,https://app.hubspot.com/contacts/44715285/deal/59171673413,Vendas,Cotação,Rafael Leite,"Saúde;Odonto;Gestão de saúde",11000,3480,58500,87750,Corretagem,Sim,Sim,35,Q3 2027,,59,,,,,,,,,,,,,,,,,,,,,,,,,,,,,,,,,,,,,,,,,,,,,,,,
Grupo Massa - Novo(a) Deal - corretagem,https://app.hubspot.com/contacts/44715285/deal/59171676292,Vendas,Consultoria,Juliana Dalberto,Saúde,600,600,403200,241920,Corretagem,Não,Sim,10,Q4,30/11/2026,59,,,,,,20160,20160,20160,20160,20160,20160,20160,20160,20160,20160,20160,20160,20160,20160,20160,20160,20160,20160,20160,,,,,,2016,2016,2016,2016,2016,2016,2016,2016,2016,2016,2016,2016,2016,2016,2016,2016,2016,2016,2016
BrD Brasil Distressed,https://app.hubspot.com/contacts/44715285/deal/59225078938,Vendas,Consultoria,André Pontes,"Saúde;Odonto",15,10,43040.09,136867.4862,Corretagem,Sim,Sim,15,Q3,29/08/2026,58,,,43040,43040,43040,861,861,861,861,861,861,861,861,861,861,861,861,861,861,861,861,861,861,861,,,6456,6456,6456,129,129,129,129,129,129,129,129,129,129,129,129,129,129,129,129,129,129,129
Lightrock,https://app.hubspot.com/contacts/44715285/deal/59273550388,Vendas,Consultoria,André Pontes,Saúde,36,14,91665.5,291496.29,Corretagem,Sim,Sim,70,Q2,28/08/2026,56,,,91666,91666,91666,1833,1833,1833,1833,1833,1833,1833,1833,1833,1833,1833,1833,1833,1833,1833,1833,1833,1833,1833,,,64166,64166,64166,1283,1283,1283,1283,1283,1283,1283,1283,1283,1283,1283,1283,1283,1283,1283,1283,1283,1283,1283
Visum Digital,https://app.hubspot.com/contacts/44715285/deal/59275343508,Vendas,Cotação,André Pontes,"Saúde;Odonto;Vida",55,80,53938.03,12945.1272,Corretagem,Não,Sim,30,Q3,30/10/2026,56,,,,,1079,1079,1079,1079,1079,1079,1079,1079,1079,1079,1079,1079,1079,1079,1079,1079,1079,1079,1079,1079,,,,,324,324,324,324,324,324,324,324,324,324,324,324,324,324,324,324,324,324,324,324
Perfitubo,https://app.hubspot.com/contacts/44715285/deal/59370016399,Vendas,Cotação,Fausto Haderspeck,Saúde,74,65,,,Corretagem,Não,Sim,50,Q4,31/10/2026,53,,,,,,,,,,,,,,,,,,,,,,,,,,,,,,,,,,,,,,,,,,,,,,,,
Kikkoman Do Brasil,https://app.hubspot.com/contacts/44715285/deal/59419273838,Vendas,Negociação,Rafael Leite,"Saúde;Odonto",261,150,144016.08,216024.12,Corretagem,Sim,Sim,45,Q3,01/11/2026,51,,,,,,136815,7201,7201,7201,7201,7201,7201,7201,7201,7201,7201,7201,7201,7201,7201,7201,7201,7201,7201,,,,,,61567,3240,3240,3240,3240,3240,3240,3240,3240,3240,3240,3240,3240,3240,3240,3240,3240,3240,3240
Amil,https://app.hubspot.com/contacts/44715285/deal/59502863470,Vendas,Consultoria,Guilherme Gabiatti,Gestão de saúde,26000,23000,10800,129600,Fee por vida,Não,Não,50,Q3,01/08/2026,50,,,10800,10800,10800,10800,10800,10800,10800,10800,10800,10800,10800,10800,10800,10800,10800,10800,10800,10800,10800,10800,10800,10800,,,5400,5400,5400,5400,5400,5400,5400,5400,5400,5400,5400,5400,5400,5400,5400,5400,5400,5400,5400,5400,5400,5400
3tentos,https://app.hubspot.com/contacts/44715285/deal/59728307741,Vendas,Negociação,Rafael Leite,"Gestão de saúde;Saúde",3000,2800,58039.09,696469.08,Fee por vida,Sim,Sim,60,Q4,02/11/2026,45,,,,,,58039,58039,58039,58039,58039,58039,58039,58039,58039,58039,58039,58039,58039,58039,58039,58039,58039,58039,58039,,,,,,34823,34823,34823,34823,34823,34823,34823,34823,34823,34823,34823,34823,34823,34823,34823,34823,34823,34823,34823
SMART - Seguro de vida,https://app.hubspot.com/contacts/44715285/deal/59814612838,Vendas,Cotação,Juliana Dalberto,Vida,57,57,1234.9,296.376,Corretagem,Não,Não,5,Q2,31/07/2026,44,,25,25,25,25,25,25,25,25,25,25,25,25,25,25,25,25,25,25,25,25,25,25,25,,1,1,1,1,1,1,1,1,1,1,1,1,1,1,1,1,1,1,1,1,1,1,1
Contourline,https://app.hubspot.com/contacts/44715285/deal/59815010455,Vendas,Consultoria,Guilherme Gabiatti,"Gestão de saúde;Saúde;Odonto",103,200,90000,286200,Corretagem,Sim,Sim,30,Q3,30/09/2026,43,,,,90000,90000,90000,1800,1800,1800,1800,1800,1800,1800,1800,1800,1800,1800,1800,1800,1800,1800,1800,1800,1800,,,,27000,27000,27000,540,540,540,540,540,540,540,540,540,540,540,540,540,540,540,540,540,540
Fundação Lemann,https://app.hubspot.com/contacts/44715285/deal/59963608162,Vendas,Cotação,Juliana Dalberto,"Saúde;Vida;Odonto",300,70,210,126,Corretagem,Não,Não,5,Q3,31/10/2026,39,,,,,11,11,11,11,11,11,11,11,11,11,11,11,11,11,11,11,11,11,11,11,,,,,1,1,1,1,1,1,1,1,1,1,1,1,1,1,1,1,1,1,1,1
Ban Ban Calçados,https://app.hubspot.com/contacts/44715285/deal/59915282084,Vendas,Consultoria,André Pontes,Gestão de saúde,660,660,5275.66,63307.92,Fee por vida,Não,Não,10,Q3,01/08/2026,39,,,5276,5276,5276,5276,5276,5276,5276,5276,5276,5276,5276,5276,5276,5276,5276,5276,5276,5276,5276,5276,5276,5276,,,528,528,528,528,528,528,528,528,528,528,528,528,528,528,528,528,528,528,528,528,528,528
Queiroz Agro,https://app.hubspot.com/contacts/44715285/deal/59963204131,Vendas,Cotação,Rafael Leite,"Odonto;Saúde;Vida",226,226,,,Corretagem,Sim,Sim,60,Q3,30/09/2026,39,,,,,,,,,,,,,,,,,,,,,,,,,,,,,,,,,,,,,,,,,,,,,,,,
Roberto e Amanda - Cotação pessoa física,https://app.hubspot.com/contacts/44715285/deal/59915112083,Vendas,Consultoria,Juliana Dalberto,"Saúde;Vida;Odonto",2,2,5224.36,16613.4648,Corretagem,Sim,Sim,10,Q3,31/07/2026,39,,5224,5224,5224,104,104,104,104,104,104,104,104,104,104,104,104,104,104,104,104,104,104,104,104,,522,522,522,10,10,10,10,10,10,10,10,10,10,10,10,10,10,10,10,10,10,10,10
Sommus Ocupacional,https://app.hubspot.com/contacts/44715285/deal/60073037437,Vendas,Cotação,Juliana Dalberto,,47,90,,,Corretagem,Sim,Sim,1,Q3,28/08/2026,36,,,,,,,,,,,,,,,,,,,,,,,,,,,,,,,,,,,,,,,,,,,,,,,,
Dafiti,https://app.hubspot.com/contacts/44715285/deal/60076928395,Vendas,Consultoria,Rafael Leite,Gestão de saúde,2000,1046,41120,493440,Fee por vida,Sim,Sim,50,Q1 2027,01/02/2027,36,,,,,,,,,41120,41120,41120,41120,41120,41120,41120,41120,41120,41120,41120,41120,41120,41120,41120,41120,,,,,,,,,20560,20560,20560,20560,20560,20560,20560,20560,20560,20560,20560,20560,20560,20560,20560,20560
Escola Korú,https://app.hubspot.com/contacts/44715285/deal/60076931668,Vendas,Cotação,Rafael Leite,,33,33,,,Corretagem,Sim,Sim,60,Q3,29/09/2026,36,,,,,,,,,,,,,,,,,,,,,,,,,,,,,,,,,,,,,,,,,,,,,,,,
Dotum,https://app.hubspot.com/contacts/44715285/deal/60076943167,Vendas,Cotação,Juliana Dalberto,"Saúde;Odonto;Vida",28,28,,,Corretagem,Sim,Sim,60,Q3,30/10/2026,36,,,,,,,,,,,,,,,,,,,,,,,,,,,,,,,,,,,,,,,,,,,,,,,,
Shield Bank,https://app.hubspot.com/contacts/44715285/deal/60078280233,Vendas,Negociação,Rafael Leite,Saúde,100,100,48000,11520,Corretagem,Não,Sim,85,Q3,30/09/2026,36,,,,960,960,960,960,960,960,960,960,960,960,960,960,960,960,960,960,960,960,960,960,960,,,,816,816,816,816,816,816,816,816,816,816,816,816,816,816,816,816,816,816,816,816,816
Flowscience Instruments,https://app.hubspot.com/contacts/44715285/deal/60079678641,Vendas,Cotação,Guilherme Gabiatti,"Gestão de saúde;Saúde;Odonto",40,26,30000,95400,Corretagem,Sim,Sim,20,Q2,30/09/2026,36,,,,30000,30000,30000,600,600,600,600,600,600,600,600,600,600,600,600,600,600,600,600,600,600,,,,6000,6000,6000,120,120,120,120,120,120,120,120,120,120,120,120,120,120,120,120,120,120
Skelt,https://app.hubspot.com/contacts/44715285/deal/60078282842,Vendas,Consultoria,Juliana Dalberto,Gestão de saúde,800,507,9379.5,112554,Fee por vida,Não,Não,5,Q3,30/11/2026,36,,,,,,9380,9380,9380,9380,9380,9380,9380,9380,9380,9380,9380,9380,9380,9380,9380,9380,9380,9380,9380,,,,,,469,469,469,469,469,469,469,469,469,469,469,469,469,469,469,469,469,469,469
Extra Consult,https://app.hubspot.com/contacts/44715285/deal/60142160659,Vendas,Cotação,Juliana Dalberto,"Odonto;Saúde;Vida",368,1500,144000,86400,Corretagem,Não,Sim,5,Q3,30/11/2026,36,,,,,,7200,7200,7200,7200,7200,7200,7200,7200,7200,7200,7200,7200,7200,7200,7200,7200,7200,7200,7200,,,,,,360,360,360,360,360,360,360,360,360,360,360,360,360,360,360,360,360,360,360
Datacube,https://app.hubspot.com/contacts/44715285/deal/60108262946,Vendas,Implantação,Rafael Leite,Saúde,28,19,25000,79500,Corretagem,Sim,Sim,90,Q2,31/07/2026,35,,25000,25000,25000,500,500,500,500,500,500,500,500,500,500,500,500,500,500,500,500,500,500,500,500,,22500,22500,22500,450,450,450,450,450,450,450,450,450,450,450,450,450,450,450,450,450,450,450,450
Economart Atacadista - Rh Summit,https://app.hubspot.com/contacts/44715285/deal/60108264309,Vendas,Cotação,Rafael Leite,"Gestão de saúde;Saúde;Odonto",1000,4400,,,Corretagem,Sim,Sim,50,Q3,30/11/2026,35,,,,,,,,,,,,,,,,,,,,,,,,,,,,,,,,,,,,,,,,,,,,,,,,
Circuit,https://app.hubspot.com/contacts/44715285/deal/60083608929,Vendas,Consultoria,Fausto Haderspeck,"Saúde;Odonto",20,20,14144,44977.92,Corretagem,Sim,Não,50,Q3,01/07/2026,35,,14144,14144,14144,283,283,283,283,283,283,283,283,283,283,283,283,283,283,283,283,283,283,283,283,,7072,7072,7072,142,142,142,142,142,142,142,142,142,142,142,142,142,142,142,142,142,142,142,142
Claudster,https://app.hubspot.com/contacts/44715285/deal/60142225567,Vendas,Consultoria,Juliana Dalberto,Saúde,34,30,2000,24000,Fee por vida,Não,Não,5,Q4,31/03/2027,35,,,,,,,,,,2000,2000,2000,2000,2000,2000,2000,2000,2000,2000,2000,2000,2000,2000,2000,,,,,,,,,,100,100,100,100,100,100,100,100,100,100,100,100,100,100,100
Fernanda de Bessa Amaral Marinho,https://app.hubspot.com/contacts/44715285/deal/60177473299,Vendas,Consultoria,Guilherme Gabiatti,Saúde,3,3,10809,34372.62,Corretagem,Sim,Sim,40,Q3,01/08/2026,32,,,10809,10809,10809,216,216,216,216,216,216,216,216,216,216,216,216,216,216,216,216,216,216,216,,,4324,4324,4324,86,86,86,86,86,86,86,86,86,86,86,86,86,86,86,86,86,86,86
Ultrafarma - Novo(a) Deal corretagem,https://app.hubspot.com/contacts/44715285/deal/60177569543,Vendas,Consultoria,Juliana Dalberto,Saúde,2400,1500,840000,504000,Corretagem,Não,Sim,5,Q3,30/10/2026,31,,,,,42000,42000,42000,42000,42000,42000,42000,42000,42000,42000,42000,42000,42000,42000,42000,42000,42000,42000,42000,42000,,,,,2100,2100,2100,2100,2100,2100,2100,2100,2100,2100,2100,2100,2100,2100,2100,2100,2100,2100,2100,2100
Pier Seguradora,https://app.hubspot.com/contacts/44715285/deal/60254131370,Vendas,Cotação,André Pontes,Saúde,334,250,,,Corretagem,Sim,Sim,15,Q3,30/10/2026,29,,,,,,,,,,,,,,,,,,,,,,,,,,,,,,,,,,,,,,,,,,,,,,,,
Quality Digital,https://app.hubspot.com/contacts/44715285/deal/60324987524,Vendas,Cotação,Fausto Haderspeck,"Gestão de saúde;Saúde",1700,1700,,,Corretagem,Não,Não,30,Q3,30/09/2026,25,,,,,,,,,,,,,,,,,,,,,,,,,,,,,,,,,,,,,,,,,,,,,,,,
Trace Finance,https://app.hubspot.com/contacts/44715285/deal/60329014812,Vendas,Implantação,Guilherme Gabiatti,"Gestão de saúde;Saúde;Odonto;Vida",80,50,79730,19135.2,Corretagem,Não,Sim,100,Q2,01/10/2026,25,,,,,1595,1595,1595,1595,1595,1595,1595,1595,1595,1595,1595,1595,1595,1595,1595,1595,1595,1595,1595,1595,,,,,1595,1595,1595,1595,1595,1595,1595,1595,1595,1595,1595,1595,1595,1595,1595,1595,1595,1595,1595,1595
The Fini Company BR,https://app.hubspot.com/contacts/44715285/deal/60347162187,Bid,Standby,Ágatta Marinho,,5200,2200,,,Corretagem,Não,Sim,60,Q4 2027,,24,,,,,,,,,,,,,,,,,,,,,,,,,,,,,,,,,,,,,,,,,,,,,,,,
NS Limp,https://app.hubspot.com/contacts/44715285/deal/60623339045,Vendas,Cotação,Fausto Haderspeck,"Saúde;Odonto",7,7,,,Corretagem,Sim,Sim,50,Q3,,18,,,,,,,,,,,,,,,,,,,,,,,,,,,,,,,,,,,,,,,,,,,,,,,,
ELUCIDATA CONSULTORIA EM TECNOLOGIA LTDA,https://app.hubspot.com/contacts/44715285/deal/60644305846,Vendas,Cotação,Fausto Haderspeck,"Saúde;Odonto",3,3,,,Corretagem,Não,Sim,50,Q1 2027,28/02/2027,17,,,,,,,,,,,,,,,,,,,,,,,,,,,,,,,,,,,,,,,,,,,,,,,,
CBSI - PME,https://app.hubspot.com/contacts/44715285/deal/60644327327,Vendas,Cotação,Fausto Haderspeck,,128,128,,,Corretagem,Sim,Sim,10,Q3,30/09/2026,17,,,,,,,,,,,,,,,,,,,,,,,,,,,,,,,,,,,,,,,,,,,,,,,,
Cappta,https://app.hubspot.com/contacts/44715285/deal/60650549093,Vendas,Consultoria,Juliana Dalberto,"Odonto;Saúde;Vida",155,170,103417.37,328867.2366,Corretagem,Sim,Sim,5,Q3,30/09/2026,17,,,,103417,103417,103417,2068,2068,2068,2068,2068,2068,2068,2068,2068,2068,2068,2068,2068,2068,2068,2068,2068,2068,,,,5171,5171,5171,103,103,103,103,103,103,103,103,103,103,103,103,103,103,103,103,103,103
Ultrafarma - Novo(a) Deal fee por vida,https://app.hubspot.com/contacts/44715285/deal/60667740065,Vendas,Consultoria,Juliana Dalberto,Gestão de saúde,2400,1500,25000,300000,Fee por vida,Não,Não,5,Q3,31/01/2027,16,,,,,,,,25000,25000,25000,25000,25000,25000,25000,25000,25000,25000,25000,25000,25000,25000,25000,25000,25000,,,,,,,,1250,1250,1250,1250,1250,1250,1250,1250,1250,1250,1250,1250,1250,1250,1250,1250,1250
Grupo Massa - Novo(a) Deal fee por vida,https://app.hubspot.com/contacts/44715285/deal/60670252163,Vendas,Consultoria,Juliana Dalberto,Gestão de saúde,600,600,5610,67320,Fee por vida,Não,Não,10,Q4,28/02/2027,16,,,,,,,,,5610,5610,5610,5610,5610,5610,5610,5610,5610,5610,5610,5610,5610,5610,5610,5610,,,,,,,,,561,561,561,561,561,561,561,561,561,561,561,561,561,561,561,561
Sipolatti,https://app.hubspot.com/contacts/44715285/deal/60074222089,Vendas,Implantação,Ágatta Marinho,"Saúde;Odonto",1123,1123,171000,256500,Corretagem,Sim,Sim,50,Q2,01/09/2026,11,,,,162450,8550,8550,8550,8550,8550,8550,8550,8550,8550,8550,8550,8550,8550,8550,8550,8550,8550,8550,8550,8550,,,,81225,4275,4275,4275,4275,4275,4275,4275,4275,4275,4275,4275,4275,4275,4275,4275,4275,4275,4275,4275,4275
Arizona,https://app.hubspot.com/contacts/44715285/deal/60785734467,Vendas,Cotação,André Pontes,Gestão de saúde,684,500,8208,98496,Fee por vida,Não,Não,10,Q3,,11,,,,,,,,,,,,,,,,,,,,,,,,,,,,,,,,,,,,,,,,,,,,,,,,
Trace Finance - Com AG,https://app.hubspot.com/contacts/44715285/deal/60785830719,Vendas,Implantação,Guilherme Gabiatti,Gestão de saúde,80,50,79730,253541.4,Corretagem,Sim,Sim,90,Q2,02/11/2026,10,,,,,,79730,79730,79730,1595,1595,1595,1595,1595,1595,1595,1595,1595,1595,1595,1595,1595,1595,1595,1595,,,,,,71757,71757,71757,1436,1436,1436,1436,1436,1436,1436,1436,1436,1436,1436,1436,1436,1436,1436,1436
Baramaia serviços,https://app.hubspot.com/contacts/44715285/deal/60083599477,Vendas,Implantação,Guilherme Gabiatti,"Gestão de saúde;Odonto;Saúde",110,100,36000,114480,Corretagem,Sim,Sim,90,Q3,10/09/2026,3,,,,36000,36000,36000,720,720,720,720,720,720,720,720,720,720,720,720,720,720,720,720,720,720,,,,32400,32400,32400,648,648,648,648,648,648,648,648,648,648,648,648,648,648,648,648,648,648